Date;Timestamp;DeviceOrientation;GyroscopeX;GyroscopeY;GyroscopeZ;Label
2024-05-20 15:12:38;1716210758.218351;faceUp;-0.5132215023040771;-0.26081588864326477;0.6344741582870483;
2024-05-20 15:12:38;1716210758.2235851;faceUp;-0.840054988861084;-0.5404049158096313;0.3369423449039459;
2024-05-20 15:12:38;1716210758.224368;faceUp;-0.3063676655292511;-0.7434355020523071;0.02431785687804222;
2024-05-20 15:12:38;1716210758.224773;faceUp;-0.04960563778877258;-0.5641776323318481;0.0635257139801979;
2024-05-20 15:12:38;1716210758.243339;faceUp;-0.042161036282777786;-0.5858754515647888;0.1973745971918106;
2024-05-20 15:12:38;1716210758.292409;faceUp;0.3459464907646179;-0.23316508531570435;-0.00333267985843122;
2024-05-20 15:12:38;1716210758.342444;faceUp;0.08009137213230133;-0.13187041878700256;-0.1707102209329605;
2024-05-20 15:12:38;1716210758.393268;faceUp;0.34628790616989136;-0.07457596808671951;-0.021346300840377808;
2024-05-20 15:12:38;1716210758.4421601;faceUp;0.281723290681839;-0.17677584290504456;-0.012375975959002972;
2024-05-20 15:12:38;1716210758.492212;faceUp;0.03466317057609558;0.13397644460201263;-0.13579778373241425;
2024-05-20 15:12:38;1716210758.541971;faceUp;0.0856962651014328;-0.3070070743560791;-0.45804160833358765;
2024-05-20 15:12:38;1716210758.591734;faceUp;-0.6283236145973206;0.25385811924934387;-0.4007921516895294;
2024-05-20 15:12:38;1716210758.64165;faceUp;-0.17854124307632446;0.22156861424446106;-0.42706531286239624;
2024-05-20 15:12:38;1716210758.693654;faceUp;1.0611498355865479;-0.780432939529419;-0.5461357831954956;
2024-05-20 15:12:38;1716210758.741441;faceUp;1.381745457649231;-0.23390677571296692;-0.556805431842804;
2024-05-20 15:12:38;1716210758.791224;faceUp;0.4674699902534485;-1.6792261600494385;-0.1737227886915207;
2024-05-20 15:12:38;1716210758.8410301;faceUp;-0.09599097818136215;-0.38317161798477173;-0.4936443269252777;
2024-05-20 15:12:38;1716210758.8907409;faceUp;-0.8096103072166443;-0.9773566722869873;-0.40593206882476807;
2024-05-20 15:12:38;1716210758.941183;faceUp;-1.3631807565689087;-0.7702479958534241;-0.45086997747421265;
2024-05-20 15:12:38;1716210758.99092;faceUp;-1.1574114561080933;0.008087487891316414;-0.17993700504302979;
2024-05-20 15:12:38;1716210759.046586;faceUp;-1.0662527084350586;-0.9202150702476501;-0.647193968296051;
2024-05-20 15:12:38;1716210759.090372;faceUp;-0.7606433033943176;-0.4431007206439972;-0.06972821801900864;
2024-05-20 15:12:38;1716210759.1403341;faceUp;-0.1597241461277008;0.036003272980451584;-0.032941970974206924;
2024-05-20 15:12:38;1716210759.190229;faceUp;0.23351635038852692;0.37056076526641846;-0.09055093675851822;
2024-05-20 15:12:38;1716210759.240138;faceUp;0.4279840886592865;0.03345995396375656;0.23532569408416748;
2024-05-20 15:12:38;1716210759.2898989;faceUp;0.09967067092657089;-0.4225352704524994;-0.06925550103187561;
2024-05-20 15:12:38;1716210759.3400111;faceUp;-0.2791496217250824;-0.4070545732975006;0.32802340388298035;
2024-05-20 15:12:38;1716210759.396574;faceUp;-0.15834090113639832;0.36750343441963196;0.17513106763362885;
2024-05-20 15:12:38;1716210759.439625;faceUp;-0.03365170210599899;-0.2741290330886841;-0.22764860093593597;
2024-05-20 15:12:38;1716210759.489274;faceUp;0.20754653215408325;0.03760010749101639;-0.24625983834266663;
2024-05-20 15:12:38;1716210759.539254;faceUp;0.3665494918823242;0.3878718316555023;0.0728427842259407;
2024-05-20 15:12:38;1716210759.5892382;faceUp;0.4024049639701843;0.6867155432701111;0.2600478231906891;
2024-05-20 15:12:38;1716210759.6391668;faceUp;0.5046713948249817;1.1741536855697632;0.5507158637046814;
2024-05-20 15:12:38;1716210759.689004;faceUp;0.02142060361802578;0.22335799038410187;0.46063685417175293;
2024-05-20 15:12:38;1716210759.738875;faceUp;0.6667247414588928;0.9948573708534241;0.7566192150115967;
2024-05-20 15:12:38;1716210759.788759;faceUp;0.8418737053871155;1.162007212638855;0.5394850373268127;
2024-05-20 15:12:38;1716210759.8388228;faceUp;0.19563262164592743;0.5051630139350891;0.5407381057739258;
2024-05-20 15:12:38;1716210759.8884559;faceUp;-0.06135177239775658;0.6529298424720764;0.5640133023262024;
2024-05-20 15:12:38;1716210759.938385;faceUp;-0.07186007499694824;0.20042870938777924;0.40926074981689453;
2024-05-20 15:12:38;1716210759.988231;faceUp;-0.07946952432394028;0.019706327468156815;0.9384335279464722;
2024-05-20 15:12:38;1716210760.038216;faceUp;-0.41067248582839966;-0.30485549569129944;0.9205860495567322;
2024-05-20 15:12:38;1716210760.088019;faceUp;-0.6583813428878784;-0.5952998399734497;0.39402133226394653;
2024-05-20 15:12:38;1716210760.13784;faceUp;-0.6790797114372253;-0.504570722579956;0.21405397355556488;
2024-05-20 15:12:38;1716210760.187726;faceUp;-0.4052923619747162;0.20258799195289612;-0.17449218034744263;
2024-05-20 15:12:38;1716210760.2375588;faceUp;-0.5755871534347534;0.1930464208126068;-0.5631453990936279;
2024-05-20 15:12:38;1716210760.287651;faceUp;-0.6267192959785461;0.23133015632629395;-0.5900148153305054;
2024-05-20 15:12:38;1716210760.33737;faceUp;0.0049247173592448235;0.03332014009356499;-0.1406702995300293;
2024-05-20 15:12:38;1716210760.387117;faceUp;0.6908460855484009;-0.46603694558143616;-0.21012340486049652;
2024-05-20 15:12:38;1716210760.437186;faceUp;1.244109034538269;-0.6676467657089233;-0.5037012100219727;
2024-05-20 15:12:38;1716210760.486923;faceUp;1.2333717346191406;-0.20760831236839294;-0.23798353970050812;
2024-05-20 15:12:38;1716210760.536789;faceUp;0.591011643409729;-0.9224447011947632;-0.0009635316673666239;
2024-05-20 15:12:38;1716210760.586837;faceUp;-0.43165579438209534;-1.1823409795761108;-0.18863649666309357;
2024-05-20 15:12:38;1716210760.636612;faceUp;-1.6742545366287231;0.03599555045366287;-0.17732711136341095;
2024-05-20 15:12:38;1716210760.686582;faceUp;-2.358691453933716;-0.6566089987754822;-0.4030444025993347;
2024-05-20 15:12:38;1716210760.736542;faceUp;-2.019930362701416;0.039987362921237946;-0.6676129102706909;
2024-05-20 15:12:38;1716210760.786166;faceUp;-0.8794021606445312;-0.4900410771369934;-0.796554684638977;
2024-05-20 15:12:38;1716210760.835871;faceUp;-0.4025445282459259;-0.4175759255886078;0.40755897760391235;
2024-05-20 15:12:38;1716210760.8857532;faceUp;-0.2889513671398163;-1.4312725067138672;0.7154425382614136;
2024-05-20 15:12:38;1716210760.935823;faceUp;-0.6985000371932983;-3.8100976943969727;1.0067907571792603;
2024-05-20 15:12:38;1716210760.9855828;faceUp;3.2000155448913574;-1.206233024597168;-0.6578748226165771;
2024-05-20 15:12:38;1716210761.0354571;faceUp;2.7654619216918945;0.19772027432918549;-1.3050909042358398;
2024-05-20 15:12:38;1716210761.08549;faceUp;3.5014359951019287;4.45797872543335;-2.1926751136779785;
2024-05-20 15:12:38;1716210761.141911;faceUp;-0.30390262603759766;0.7418349385261536;0.003999535460025072;
2024-05-20 15:12:38;1716210761.1905398;faceUp;-0.03575719892978668;0.06875482946634293;-0.05814559385180473;
2024-05-20 15:12:38;1716210761.234953;faceUp;0.16661427915096283;-0.41736820340156555;-0.12310488522052765;
2024-05-20 15:12:38;1716210761.2848701;faceUp;-0.13666464388370514;2.7182836532592773;0.10802154242992401;
2024-05-20 15:12:38;1716210761.334724;faceUp;0.3702086806297302;10.415918350219727;-0.14434519410133362;
2024-05-20 15:12:38;1716210761.384562;faceUp;-0.9833890199661255;-0.7692314386367798;0.03206845372915268;
2024-05-20 15:12:38;1716210761.434517;faceUp;-0.8477073311805725;0.37608015537261963;0.018817629665136337;
2024-05-20 15:12:38;1716210761.4844031;faceUp;0.4721938967704773;0.6183295249938965;0.008005994372069836;
2024-05-20 15:12:38;1716210761.534686;faceUp;0.047980308532714844;0.3444724380970001;-0.029738986864686012;
2024-05-20 15:12:38;1716210761.584295;faceUp;-0.03900225833058357;0.08961723744869232;-0.015543805435299873;
2024-05-20 15:12:38;1716210761.634718;faceUp;-0.12335575371980667;0.15025608241558075;0.0067513794638216496;
2024-05-20 15:12:38;1716210761.683964;faceUp;0.08921456336975098;-0.012838566675782204;0.0027539748698472977;
2024-05-20 15:12:38;1716210761.7338672;faceUp;-0.005946306046098471;0.03235847130417824;0.013412744738161564;
2024-05-20 15:12:38;1716210761.783606;faceUp;0.05985641106963158;0.01703411154448986;0.028795961290597916;
2024-05-20 15:12:38;1716210761.833586;faceUp;0.040285903960466385;-0.0887671560049057;0.02394661121070385;
2024-05-20 15:12:38;1716210761.883418;faceUp;0.047376036643981934;0.1226649358868599;0.03936311975121498;
2024-05-20 15:12:38;1716210761.9335198;faceUp;-0.17233900725841522;0.20189876854419708;0.0708020031452179;
2024-05-20 15:12:38;1716210761.983578;faceUp;0.009198292158544064;0.21190719306468964;0.02895415388047695;
2024-05-20 15:12:38;1716210762.033514;faceUp;-0.1881805658340454;0.21637864410877228;0.02660364657640457;
2024-05-20 15:12:38;1716210762.08322;faceUp;0.0032570459879934788;-0.11160535365343094;-0.010434531606733799;
2024-05-20 15:12:38;1716210762.1335468;faceUp;-0.09649085253477097;-0.049725744873285294;-0.00634870957583189;
2024-05-20 15:12:38;1716210762.182767;faceUp;-0.07800185680389404;-0.12407294660806656;0.02027198113501072;
2024-05-20 15:12:38;1716210762.232557;faceUp;-0.004555869847536087;0.08458652347326279;0.016935573890805244;
2024-05-20 15:12:38;1716210762.282374;faceUp;0.021451495587825775;0.04808523878455162;-0.004576642066240311;
2024-05-20 15:12:38;1716210762.332278;faceUp;-0.26094958186149597;0.2813624441623688;0.026311231777071953;
2024-05-20 15:12:38;1716210762.382168;faceUp;-0.02420227602124214;0.35904043912887573;0.014632205478847027;
2024-05-20 15:12:38;1716210762.4322639;faceUp;0.009873669594526291;0.07563351094722748;0.030181603506207466;
2024-05-20 15:12:38;1716210762.481843;faceUp;0.10575705766677856;0.10740368813276291;0.018191786482930183;
2024-05-20 15:12:38;1716210762.531801;faceUp;0.005524194799363613;0.09876199811697006;0.009638778865337372;
2024-05-20 15:12:38;1716210762.581615;faceUp;0.09922059625387192;0.04393070563673973;0.010757572948932648;
2024-05-20 15:12:38;1716210762.631614;faceUp;0.09138637036085129;0.08865876495838165;0.0308668352663517;
2024-05-20 15:12:38;1716210762.6814861;faceUp;0.07422629743814468;-0.018997926265001297;0.0070368703454732895;
2024-05-20 15:12:38;1716210762.731282;faceUp;-0.018067417666316032;-0.21056495606899261;0.03165699541568756;
2024-05-20 15:12:38;1716210762.7811441;faceUp;0.02726171538233757;-0.05209542438387871;0.019625632092356682;
2024-05-20 15:12:38;1716210762.831215;faceUp;-0.04620904102921486;-0.1869211494922638;0.0260451827198267;
2024-05-20 15:12:38;1716210762.880894;faceUp;-0.03840091824531555;0.021634988486766815;-0.005073321983218193;
2024-05-20 15:12:38;1716210762.9308429;faceUp;-0.17447912693023682;0.04123478755354881;0.02804388478398323;
2024-05-20 15:12:38;1716210762.98077;faceUp;0.10042993724346161;0.06051793694496155;0.010151970200240612;
2024-05-20 15:12:38;1716210763.0305529;faceUp;0.0025662221014499664;-0.02557806484401226;-8.788431296125054e-05;
2024-05-20 15:12:38;1716210763.0802379;faceUp;0.13286270201206207;-0.13267521560192108;0.023510118946433067;
2024-05-20 15:12:38;1716210763.130158;faceUp;0.15270006656646729;-0.04554218426346779;0.01501330453902483;
2024-05-20 15:12:38;1716210763.180139;faceUp;-0.0035872780717909336;0.0891336053609848;0.03272172808647156;
2024-05-20 15:12:38;1716210763.229992;faceUp;-0.04853690788149834;0.14941851794719696;0.02756478264927864;
2024-05-20 15:12:38;1716210763.280035;faceUp;-0.1620538830757141;0.19703583419322968;-0.0003115898580290377;
2024-05-20 15:12:38;1716210763.329701;faceUp;-0.06451587378978729;0.09685064852237701;0.01775982230901718;
2024-05-20 15:12:38;1716210763.3795881;faceUp;-0.09563198685646057;-0.03911251574754715;0.026696326211094856;
2024-05-20 15:12:38;1716210763.429498;faceUp;-0.07050798833370209;-0.2084600031375885;0.006686132401227951;
2024-05-20 15:12:38;1716210763.4793;faceUp;-0.05580521002411842;-0.02971741557121277;0.02683880552649498;
2024-05-20 15:12:38;1716210763.529276;faceUp;-0.0559823103249073;0.08630239963531494;-0.005278651602566242;
2024-05-20 15:12:38;1716210763.579169;faceUp;0.008076302707195282;0.09314938634634018;0.017117468640208244;
2024-05-20 15:12:38;1716210763.629132;faceUp;0.05967850983142853;-0.018216021358966827;0.006490389816462994;
2024-05-20 15:12:38;1716210763.678855;faceUp;0.07035086303949356;0.10550139099359512;0.01678776927292347;
2024-05-20 15:12:38;1716210763.728987;faceUp;-0.08006953448057175;-0.15688015520572662;-0.00821079220622778;
2024-05-20 15:12:38;1716210763.778724;faceUp;0.02767716720700264;-0.048292163759469986;0.03230227902531624;
2024-05-20 15:12:38;1716210763.828617;faceUp;0.06105802580714226;0.035591281950473785;0.024027571082115173;
2024-05-20 15:12:38;1716210763.878597;faceUp;-0.14759212732315063;0.017014136537909508;0.022098910063505173;
2024-05-20 15:12:38;1716210763.928523;faceUp;0.002766757970675826;0.014429273083806038;0.027777036651968956;
2024-05-20 15:12:38;1716210763.978167;faceUp;-0.03572604060173035;0.04872732609510422;0.02400493435561657;
2024-05-20 15:12:38;1716210764.028089;faceUp;-0.03640194982290268;0.030674822628498077;0.034392859786748886;
2024-05-20 15:12:38;1716210764.077753;faceUp;-0.04186968505382538;0.001982190879061818;0.010396714322268963;
2024-05-20 15:12:38;1716210764.127901;faceUp;-0.10213622450828552;-0.2675808370113373;0.021687185391783714;
2024-05-20 15:12:38;1716210764.1776772;faceUp;0.06794282793998718;-0.04077752307057381;0.017296697944402695;
2024-05-20 15:12:38;1716210764.227871;faceUp;0.04481087997555733;-0.07047896087169647;0.028422852978110313;
2024-05-20 15:12:38;1716210764.277491;faceUp;0.06548260152339935;0.049373142421245575;0.06067080423235893;
2024-05-20 15:12:38;1716210764.32724;faceUp;0.05179821699857712;0.18682608008384705;0.02580603025853634;
2024-05-20 15:12:38;1716210764.3772159;faceUp;-0.12159647047519684;0.19771148264408112;0.03870105743408203;
2024-05-20 15:12:38;1716210764.427077;faceUp;-0.027873976156115532;0.005369998048990965;0.00720438314601779;
2024-05-20 15:12:38;1716210764.476882;faceUp;-0.12166225165128708;0.037567347288131714;0.006609433330595493;
2024-05-20 15:12:38;1716210764.526756;faceUp;0.07829426974058151;0.03249748796224594;0.04984398931264877;
2024-05-20 15:12:38;1716210764.576703;faceUp;-0.04633873701095581;0.04095941781997681;0.013304353691637516;
2024-05-20 15:12:38;1716210764.626744;faceUp;-0.06384555995464325;-0.12737473845481873;0.018618425354361534;
2024-05-20 15:12:38;1716210764.676455;faceUp;0.10052287578582764;-0.006915430538356304;0.018682874739170074;
2024-05-20 15:12:38;1716210764.7263541;faceUp;-0.0062392535619437695;-0.08377186208963394;0.022394521161913872;
2024-05-20 15:12:38;1716210764.7762508;faceUp;0.12378532439470291;0.010718956589698792;0.03147616609930992;
2024-05-20 15:12:38;1716210764.826107;faceUp;-0.03849519416689873;0.07176473736763;0.022592393681406975;
2024-05-20 15:12:38;1716210764.875737;faceUp;0.013167200610041618;0.035107385367155075;0.011808722279965878;
2024-05-20 15:12:38;1716210764.925921;faceUp;-0.005162005312740803;-0.06492813676595688;0.02774428017437458;
2024-05-20 15:12:38;1716210764.975632;faceUp;0.13091221451759338;-0.12774091958999634;0.05691761150956154;
2024-05-20 15:12:38;1716210765.02577;faceUp;0.06933540105819702;-0.03895192593336105;0.04813796654343605;
2024-05-20 15:12:38;1716210765.075228;faceUp;-0.011606056243181229;0.12204734236001968;0.06095602735877037;
2024-05-20 15:12:38;1716210765.125399;faceUp;-0.06938200443983078;0.17382186651229858;0.06399363279342651;
2024-05-20 15:12:38;1716210765.175181;faceUp;-0.023983629420399666;0.20309746265411377;0.08081282675266266;
2024-05-20 15:12:38;1716210765.2261949;faceUp;-0.05799166485667229;-0.12558428943157196;0.03051583096385002;
2024-05-20 15:12:38;1716210765.274966;faceUp;-0.11331377178430557;0.005597165785729885;0.04379568248987198;
2024-05-20 15:12:38;1716210765.324852;faceUp;0.004995024763047695;-0.27934083342552185;0.0485968291759491;
2024-05-20 15:12:38;1716210765.374704;faceUp;-0.07243452221155167;0.02231808938086033;0.053954578936100006;
2024-05-20 15:12:38;1716210765.424761;faceUp;0.08309754729270935;0.107024185359478;0.037870682775974274;
2024-05-20 15:12:38;1716210765.4744182;faceUp;-0.06585731357336044;-0.09923124313354492;0.07232905924320221;
2024-05-20 15:12:38;1716210765.524333;faceUp;-0.01266652625054121;0.08056488633155823;0.0377764068543911;
2024-05-20 15:12:38;1716210765.574225;faceUp;-0.030130205675959587;-0.13568486273288727;0.07295303791761398;
2024-05-20 15:12:38;1716210765.6241;faceUp;-0.02400839701294899;-0.1144498810172081;0.051591288298368454;
2024-05-20 15:12:38;1716210765.673917;faceUp;0.01260873582214117;-0.04892253503203392;0.08370661735534668;
2024-05-20 15:12:38;1716210765.723823;faceUp;-0.040717337280511856;-0.03857269138097763;0.05434925854206085;
2024-05-20 15:12:38;1716210765.773747;faceUp;0.02298441156744957;0.08117341250181198;0.06401333957910538;
2024-05-20 15:12:38;1716210765.8237119;faceUp;0.05922603979706764;0.04583433270454407;0.03796922042965889;
2024-05-20 15:12:38;1716210765.873668;faceUp;-0.09660377353429794;0.12205134332180023;0.0414116233587265;
2024-05-20 15:12:38;1716210765.923734;faceUp;-0.012782108038663864;0.1922253668308258;0.03481683507561684;
2024-05-20 15:12:38;1716210765.973639;faceUp;-0.02502386085689068;0.07905087620019913;0.05878448858857155;
2024-05-20 15:12:38;1716210766.023366;faceUp;-0.0562472939491272;-0.035111382603645325;0.052081841975450516;
2024-05-20 15:12:38;1716210766.073349;faceUp;-0.06373317539691925;0.1402284801006317;0.053159624338150024;
2024-05-20 15:12:38;1716210766.1236;faceUp;-0.06650286167860031;0.08481848239898682;0.05408081039786339;
2024-05-20 15:12:38;1716210766.17255;faceUp;-0.052316732704639435;-0.18050506711006165;0.05096198245882988;
2024-05-20 15:12:38;1716210766.2261329;faceUp;-0.0044264402240514755;0.09719499200582504;0.05705103650689125;
2024-05-20 15:12:38;1716210766.2725558;faceUp;-0.04532886669039726;0.01950073055922985;0.056044094264507294;
2024-05-20 15:12:38;1716210766.322411;faceUp;0.07808388024568558;0.07361695915460587;0.07158789783716202;
2024-05-20 15:12:38;1716210766.372124;faceUp;-0.017833592370152473;0.08680227398872375;0.041373804211616516;
2024-05-20 15:12:38;1716210766.421993;faceUp;-0.05830724909901619;0.16683106124401093;0.056349027901887894;
2024-05-20 15:12:38;1716210766.4718862;faceUp;0.09932978451251984;0.0375463105738163;0.05903029814362526;
2024-05-20 15:12:38;1716210766.521831;faceUp;0.011065701022744179;-0.07863595336675644;0.04158446192741394;
2024-05-20 15:12:38;1716210766.5716481;faceUp;0.0014900385867804289;-0.04229499399662018;0.07662153989076614;
2024-05-20 15:12:38;1716210766.621671;faceUp;0.015514245256781578;-0.02683587558567524;0.05320276692509651;
2024-05-20 15:12:38;1716210766.67148;faceUp;-0.08785875141620636;0.003591539105400443;0.05698152631521225;
2024-05-20 15:12:38;1716210766.721503;faceUp;-0.030303044244647026;-0.06775374710559845;0.053468283265829086;
2024-05-20 15:12:38;1716210766.771167;faceUp;-0.05522224307060242;0.09249132126569748;0.057554371654987335;
2024-05-20 15:12:38;1716210766.82109;faceUp;0.024646490812301636;0.05860072746872902;0.06265352666378021;
2024-05-20 15:12:38;1716210766.870975;faceUp;-0.03581978380680084;0.07630462199449539;0.06620378792285919;
2024-05-20 15:12:38;1716210766.9207811;faceUp;-0.005781456362456083;-0.07760211825370789;0.05254283547401428;
2024-05-20 15:12:38;1716210766.970665;faceUp;-0.040223054587841034;-0.002432531211525202;0.042210835963487625;
2024-05-20 15:12:38;1716210767.020687;faceUp;0.08314788341522217;-0.012619388289749622;0.061562430113554;
2024-05-20 15:12:38;1716210767.0703878;faceUp;0.05040698125958443;0.08225918561220169;0.05739245191216469;
2024-05-20 15:12:38;1716210767.120304;faceUp;0.05085678771138191;0.07345424592494965;0.04120629280805588;
2024-05-20 15:12:38;1716210767.1702409;faceUp;-0.07584203034639359;0.03777587413787842;0.07249976694583893;
2024-05-20 15:12:38;1716210767.22007;faceUp;0.01356614287942648;0.04770999774336815;0.05133536085486412;
2024-05-20 15:12:38;1716210767.26997;faceUp;-0.1116492971777916;-0.0369470976293087;0.04230111837387085;
2024-05-20 15:12:38;1716210767.319745;faceUp;0.017663948237895966;-0.07574030011892319;0.06161303073167801;
2024-05-20 15:12:38;1716210767.369573;faceUp;-0.057195913046598434;-0.159092977643013;0.07286302000284195;
2024-05-20 15:12:38;1716210767.419488;faceUp;-0.0034549187403172255;-0.1032470241189003;0.04851800203323364;
2024-05-20 15:12:38;1716210767.469594;faceUp;0.08136889338493347;0.028982648625969887;0.06764748692512512;
2024-05-20 15:12:38;1716210767.519566;faceUp;-0.08179393410682678;0.005164135713130236;0.0675489529967308;
2024-05-20 15:12:38;1716210767.569154;faceUp;0.02382996492087841;0.08742652088403702;0.06587301939725876;
2024-05-20 15:12:38;1716210767.6190681;faceUp;-0.003064233111217618;-0.11468876153230667;0.051362790167331696;
2024-05-20 15:12:38;1716210767.668936;faceUp;0.06041940301656723;0.12457948178052902;0.05633730813860893;
2024-05-20 15:12:38;1716210767.7187881;faceUp;-0.035118572413921356;0.11450314521789551;0.05048607662320137;
2024-05-20 15:12:38;1716210767.768633;faceUp;-0.02346457913517952;0.30368345975875854;0.03967124596238136;
2024-05-20 15:12:38;1716210767.818603;faceUp;0.014366689138114452;-0.04400420933961868;0.07189842313528061;
2024-05-20 15:12:38;1716210767.868413;faceUp;0.021160412579774857;-0.15635284781455994;0.081087127327919;
2024-05-20 15:12:38;1716210767.918514;faceUp;0.18761862814426422;-0.10424810647964478;0.10492455214262009;
2024-05-20 15:12:38;1716210767.9682112;faceUp;0.05935147404670715;0.1352265328168869;0.09718966484069824;
2024-05-20 15:12:38;1716210768.017973;faceUp;-0.021228589117527008;0.17837639153003693;0.10070983320474625;
2024-05-20 15:12:38;1716210768.0678449;faceUp;-0.0172671377658844;0.19841082394123077;0.11044181883335114;
2024-05-20 15:12:38;1716210768.1178432;faceUp;-0.001487375469878316;0.2844535708427429;0.10030849277973175;
2024-05-20 15:12:38;1716210768.167735;faceUp;-0.02684279903769493;0.21627157926559448;0.11449861526489258;
2024-05-20 15:12:38;1716210768.2176208;faceUp;0.024625718593597412;0.051234956830739975;0.09556806832551956;
2024-05-20 15:12:38;1716210768.2674599;faceUp;0.11869735270738602;-0.00016298545233439654;0.1339961439371109;
2024-05-20 15:12:38;1716210768.317507;faceUp;-0.06502613425254822;-0.30993789434432983;0.10027680546045303;
2024-05-20 15:12:38;1716210768.3674269;faceUp;0.042704321444034576;-0.02779195085167885;0.11423309892416;
2024-05-20 15:12:38;1716210768.41714;faceUp;0.09578990936279297;-0.07867563515901566;0.0971587747335434;
2024-05-20 15:12:38;1716210768.471603;faceUp;-0.010802047327160835;-0.1445358693599701;0.10349602997303009;
2024-05-20 15:12:38;1716210768.516891;faceUp;0.09866771847009659;-0.03229961544275284;0.08553087711334229;
2024-05-20 15:12:38;1716210768.566755;faceUp;-0.00035686357296071947;0.05842123180627823;0.11289912462234497;
2024-05-20 15:12:38;1716210768.6167002;faceUp;0.00899775605648756;-0.15169845521450043;0.10274768620729446;
2024-05-20 15:12:38;1716210768.666472;faceUp;-0.007539409212768078;-0.0365939624607563;0.11520329117774963;
2024-05-20 15:12:38;1716210768.716402;faceUp;0.03905552253127098;-0.11852957308292389;0.09716916084289551;
2024-05-20 15:12:38;1716210768.7661638;faceUp;-0.058156248182058334;0.09841951727867126;0.09808049350976944;
2024-05-20 15:12:38;1716210768.8163528;faceUp;0.022494390606880188;0.15613128244876862;0.09925228357315063;
2024-05-20 15:12:38;1716210768.86604;faceUp;-0.01666153408586979;-0.027777303010225296;0.07382788509130478;
2024-05-20 15:12:38;1716210768.9159532;faceUp;-0.04556189104914665;0.015438610687851906;0.10257191210985184;
2024-05-20 15:12:38;1716210768.965667;faceUp;-0.008802812546491623;0.1863967776298523;0.05880526080727577;
2024-05-20 15:12:38;1716210769.0199409;faceUp;-0.05589335784316063;0.1292719691991806;0.07114874571561813;
2024-05-20 15:12:38;1716210769.065424;faceUp;0.04398370161652565;0.1092601791024208;0.06303595751523972;
2024-05-20 15:12:38;1716210769.115267;faceUp;-0.029643911868333817;-0.06839317083358765;0.09287960827350616;
2024-05-20 15:12:38;1716210769.165372;faceUp;0.10262784361839294;0.04511208459734917;0.060381583869457245;
2024-05-20 15:12:38;1716210769.214964;faceUp;0.03434279188513756;-0.09811857342720032;0.10899146646261215;
2024-05-20 15:12:38;1716210769.2652102;faceUp;0.06620192527770996;-0.17489804327487946;0.09463649243116379;
2024-05-20 15:12:38;1716210769.314845;faceUp;-0.038309838622808456;-0.06279654055833817;0.1100817620754242;
2024-05-20 15:12:38;1716210769.3647032;faceUp;-0.08422273397445679;-0.031006650999188423;0.07548730075359344;
2024-05-20 15:12:38;1716210769.414589;faceUp;-0.037756700068712234;0.14028812944889069;0.08158354461193085;
2024-05-20 15:12:38;1716210769.464418;faceUp;-0.10638795793056488;0.06519125401973724;0.07463935017585754;
2024-05-20 15:12:38;1716210769.514391;faceUp;-0.1351359784603119;0.06437446177005768;0.064836785197258;
2024-05-20 15:12:38;1716210769.5642428;faceUp;0.06635292619466782;-0.02293141558766365;0.059835903346538544;
2024-05-20 15:12:38;1716210769.6140141;faceUp;0.0813281461596489;-0.0343417264521122;0.06723149865865707;
2024-05-20 15:12:38;1716210769.6641278;faceUp;0.08842813223600388;0.029753101989626884;0.09203644841909409;
2024-05-20 15:12:38;1716210769.7140489;faceUp;-0.051411524415016174;0.17234860360622406;0.10630833357572556;
2024-05-20 15:12:38;1716210769.763774;faceUp;-0.03106018155813217;0.2150273472070694;0.08797885477542877;
2024-05-20 15:12:38;1716210769.813632;faceUp;-0.08330447971820831;0.00287461606785655;0.09987173229455948;
2024-05-20 15:12:38;1716210769.863655;faceUp;0.08160005509853363;0.03599448502063751;0.07607266306877136;
2024-05-20 15:12:38;1716210769.91349;faceUp;-0.11038722842931747;-0.16673626005649567;0.10013725608587265;
2024-05-20 15:12:38;1716210769.963666;faceUp;-0.006976683158427477;0.14837056398391724;0.0906209796667099;
2024-05-20 15:12:38;1716210770.013585;faceUp;0.027949608862400055;0.016335297375917435;0.09041538089513779;
2024-05-20 15:12:38;1716210770.0633512;faceUp;-0.04884636774659157;0.12554194033145905;0.1029178574681282;
2024-05-20 15:12:38;1716210770.113391;faceUp;0.020295683294534683;0.02905695140361786;0.07113729417324066;
2024-05-20 15:12:38;1716210770.163495;faceUp;-0.13617141544818878;0.0008125304593704641;0.12371554970741272;
2024-05-20 15:12:38;1716210770.213482;faceUp;0.021221932023763657;0.05763480067253113;0.09940195083618164;
2024-05-20 15:12:38;1716210770.262527;faceUp;-0.09697555005550385;-0.09515847265720367;0.1329980045557022;
2024-05-20 15:12:38;1716210770.312444;faceUp;0.09343168139457703;-0.03602990508079529;0.11761478334665298;
2024-05-20 15:12:38;1716210770.362262;faceUp;0.031183751299977303;0.10793871432542801;0.11142905801534653;
2024-05-20 15:12:38;1716210770.4121032;faceUp;-0.05001389980316162;0.07346782833337784;0.1092255562543869;
2024-05-20 15:12:38;1716210770.461966;faceUp;0.0029023129027336836;0.07959496229887009;0.09227906167507172;
2024-05-20 15:12:38;1716210770.5120602;faceUp;0.019777167588472366;0.0064773401245474815;0.1072889044880867;
2024-05-20 15:12:38;1716210770.5617142;faceUp;0.04088138788938522;-0.1337689757347107;0.08400968462228775;
2024-05-20 15:12:38;1716210770.6116319;faceUp;0.06184685602784157;-0.05818048119544983;0.09453635662794113;
2024-05-20 15:12:38;1716210770.661449;faceUp;0.06271903961896896;0.1690255105495453;0.12016049772500992;
2024-05-20 15:12:38;1716210770.7114248;faceUp;-0.09190621972084045;0.15181748569011688;0.11496493220329285;
2024-05-20 15:12:38;1716210770.761217;faceUp;-0.08415322750806808;0.05522996559739113;0.09406711161136627;
2024-05-20 15:12:38;1716210770.8111138;faceUp;0.041795115917921066;0.03315369039773941;0.07922691106796265;
2024-05-20 15:12:38;1716210770.86095;faceUp;0.0460393987596035;-0.23030191659927368;0.11511833220720291;
2024-05-20 15:12:38;1716210770.910787;faceUp;0.0821063220500946;-0.1642422080039978;0.12158635258674622;
2024-05-20 15:12:38;1716210770.960824;faceUp;0.08107487857341766;0.06546715646982193;0.09819874167442322;
2024-05-20 15:12:38;1716210771.010469;faceUp;-0.08684488385915756;0.2518836259841919;0.13353435695171356;
2024-05-20 15:12:38;1716210771.060512;faceUp;-0.05170740187168121;0.14601632952690125;0.10690993815660477;
2024-05-20 15:12:38;1716210771.1102262;faceUp;-0.026986610144376755;0.13065707683563232;0.09398428350687027;
2024-05-20 15:12:38;1716210771.160102;faceUp;-0.12685461342334747;-0.046846069395542145;0.08145225048065186;
2024-05-20 15:12:38;1716210771.210033;faceUp;0.015543805435299873;-0.03983476385474205;0.09360957890748978;
2024-05-20 15:12:38;1716210771.259871;faceUp;-0.03142130747437477;-0.02906147949397564;0.10714243352413177;
2024-05-20 15:12:38;1716210771.31636;faceUp;-0.10837334394454956;-0.11627920717000961;0.11480408161878586;
2024-05-20 15:12:38;1716210771.3597422;faceUp;0.03708798065781593;-0.0009273127070628107;0.08782972395420074;
2024-05-20 15:12:38;1716210771.414936;faceUp;-0.01667804643511772;-0.14642299711704254;0.09984057396650314;
2024-05-20 15:12:38;1716210771.459389;faceUp;0.024086959660053253;-0.0779523253440857;0.09918411076068878;
2024-05-20 15:12:38;1716210771.5094662;faceUp;0.005141498986631632;-0.10385236144065857;0.0947912260890007;
2024-05-20 15:12:38;1716210771.559142;faceUp;0.106724314391613;0.06350626796483994;0.08110204339027405;
2024-05-20 15:12:38;1716210771.608979;faceUp;-0.04585084691643715;0.0150428656488657;0.0872584730386734;
2024-05-20 15:12:38;1716210771.658947;faceUp;0.05001522973179817;0.16959142684936523;0.06964699178934097;
2024-05-20 15:12:38;1716210771.7088408;faceUp;-0.012238023802638054;-0.057977281510829926;0.0899309515953064;
2024-05-20 15:12:38;1716210771.7586908;faceUp;-0.00893756840378046;0.1741369068622589;0.087857685983181;
2024-05-20 15:12:38;1716210771.808591;faceUp;0.05908702313899994;0.09836625307798386;0.07442203909158707;
2024-05-20 15:12:38;1716210771.85857;faceUp;-0.0921003669500351;0.1731262356042862;0.10010503232479095;
2024-05-20 15:12:38;1716210771.908483;faceUp;0.02184884063899517;-0.010030529461801052;0.07706815004348755;
2024-05-20 15:12:38;1716210771.95816;faceUp;-0.02437564730644226;0.18083955347537994;0.06659553945064545;
2024-05-20 15:12:38;1716210772.008112;faceUp;0.05612105876207352;0.16191166639328003;0.06792125850915909;
2024-05-20 15:12:38;1716210772.057858;faceUp;0.024163926020264626;0.13829874992370605;0.06118213012814522;
2024-05-20 15:12:38;1716210772.107907;faceUp;-0.06347671151161194;0.2352071851491928;0.07705243676900864;
2024-05-20 15:12:38;1716210772.1576571;faceUp;-0.05577697977423668;-0.008285094052553177;0.05497882887721062;
2024-05-20 15:12:38;1716210772.2075949;faceUp;-0.012739497236907482;-0.05124960467219353;0.08110363781452179;
2024-05-20 15:12:38;1716210772.2574658;faceUp;-0.12983949482440948;-0.048768870532512665;0.0594920888543129;
2024-05-20 15:12:38;1716210772.307386;faceUp;-0.0428428053855896;-0.21667104959487915;0.06977695226669312;
2024-05-20 15:12:38;1716210772.357411;faceUp;-0.0693894624710083;-0.09177093207836151;0.05897703394293785;
2024-05-20 15:12:38;1716210772.4070559;faceUp;-0.04398689791560173;0.11669066548347473;0.084067203104496;
2024-05-20 15:12:38;1716210772.45679;faceUp;-0.06234193593263626;-0.07123210281133652;0.0776231586933136;
2024-05-20 15:12:38;1716210772.506748;faceUp;0.04120762273669243;-0.022053103893995285;0.07089600712060928;
2024-05-20 15:12:38;1716210772.5567632;faceUp;0.07597199827432632;0.023306921124458313;0.06167241930961609;
2024-05-20 15:12:38;1716210772.606663;faceUp;0.07977551966905594;0.09021724760532379;0.08734103292226791;
2024-05-20 15:12:38;1716210772.656414;faceUp;0.01401861384510994;0.02015373855829239;0.07106565684080124;
2024-05-20 15:12:38;1716210772.7064118;faceUp;-0.020245617255568504;-0.009131446480751038;0.04579278826713562;
2024-05-20 15:12:38;1716210772.756151;faceUp;-0.007708519697189331;-0.014754978008568287;0.04488571733236313;
2024-05-20 15:12:38;1716210772.806108;faceUp;0.06075549125671387;0.008186024613678455;0.04932413995265961;
2024-05-20 15:12:38;1716210772.856112;faceUp;0.018938271328806877;0.04899097979068756;0.035227496176958084;
2024-05-20 15:12:38;1716210772.905828;faceUp;0.03635933995246887;0.04722104221582413;0.027047330513596535;
2024-05-20 15:12:38;1716210772.955651;faceUp;0.055688031017780304;0.10941331088542938;0.033353161066770554;
2024-05-20 15:12:38;1716210773.005594;faceUp;0.1329127699136734;0.18962159752845764;0.04530969262123108;
2024-05-20 15:12:38;1716210773.0555081;faceUp;-0.06715826690196991;0.032871395349502563;0.0751272439956665;
2024-05-20 15:12:38;1716210773.105425;faceUp;-0.021760156378149986;0.03795510530471802;0.029754966497421265;
2024-05-20 15:12:38;1716210773.155222;faceUp;-0.12103534489870071;-0.1253856122493744;0.036008600145578384;
2024-05-20 15:12:38;1716210773.205083;faceUp;-0.08264721184968948;-0.0398174524307251;0.04139138013124466;
2024-05-20 15:12:38;1716210773.254974;faceUp;-0.0758415013551712;-0.10211438685655594;0.028613002970814705;
2024-05-20 15:12:38;1716210773.305202;faceUp;-0.08288343250751495;-0.13025973737239838;0.01581944338977337;
2024-05-20 15:12:38;1716210773.354651;faceUp;0.025969281792640686;-0.09087211638689041;0.00780679052695632;
2024-05-20 15:12:38;1716210773.404657;faceUp;0.07433734834194183;-0.04808550328016281;0.02208958938717842;
2024-05-20 15:12:38;1716210773.4544868;faceUp;0.10626518726348877;-0.10652510821819305;0.015363776125013828;
2024-05-20 15:12:38;1716210773.5044742;faceUp;0.16443182528018951;-0.026875022798776627;0.015441007912158966;
2024-05-20 15:12:38;1716210773.554218;faceUp;0.08036461472511292;-0.10850197821855545;0.017540911212563515;
2024-05-20 15:12:38;1716210773.604055;faceUp;0.16029833257198334;-0.009474461898207664;0.006107959896326065;
2024-05-20 15:12:38;1716210773.653874;faceUp;0.10067468136548996;0.04103851318359375;0.016172844916582108;
2024-05-20 15:12:38;1716210773.7038221;faceUp;0.04464096948504448;0.04440741240978241;0.019598735496401787;
2024-05-20 15:12:38;1716210773.753921;faceUp;0.11762037128210068;0.006323676090687513;0.01630573719739914;
2024-05-20 15:12:38;1716210773.8036141;faceUp;-0.0020125508308410645;-0.0806165486574173;0.0222038384526968;
2024-05-20 15:12:38;1716210773.853417;faceUp;0.10435064136981964;0.057614825665950775;0.02972247451543808;
2024-05-20 15:12:38;1716210773.903302;faceUp;-0.08107088506221771;-0.09855000674724579;0.03861130774021149;
2024-05-20 15:12:38;1716210773.953367;faceUp;-0.015845809131860733;0.04508119076490402;0.0388195663690567;
2024-05-20 15:12:38;1716210774.003343;faceUp;0.015267902053892612;0.13954004645347595;0.03401149809360504;
2024-05-20 15:12:38;1716210774.053275;faceUp;0.01233176700770855;0.1298152506351471;0.04093411564826965;
2024-05-20 15:12:38;1716210774.102874;faceUp;0.008913067169487476;0.04951269179582596;0.0007858988246880472;
2024-05-20 15:12:38;1716210774.153369;faceUp;0.09793242067098618;-0.08557268977165222;0.04108378663659096;
2024-05-20 15:12:38;1716210774.2032142;faceUp;0.10907908529043198;-0.15746526420116425;0.04279087483882904;
2024-05-20 15:12:38;1716210774.2525182;faceUp;0.11062025278806686;-0.11532100290060043;0.034745197743177414;
2024-05-20 15:12:38;1716210774.302264;faceUp;0.08408398181200027;-0.15895982086658478;0.07090187072753906;
2024-05-20 15:12:38;1716210774.352162;faceUp;0.01068220566958189;-0.06743869185447693;0.05544062331318855;
2024-05-20 15:12:38;1716210774.402111;faceUp;0.011453190818428993;-0.0604524239897728;0.0637560784816742;
2024-05-20 15:12:38;1716210774.451909;faceUp;0.024594292044639587;0.07972358912229538;0.014948856085538864;
2024-05-20 15:12:38;1716210774.5018759;faceUp;-0.11028176546096802;0.10891476273536682;0.03867362439632416;
2024-05-20 15:12:38;1716210774.551859;faceUp;-0.05794505774974823;0.36256274580955505;0.016399746760725975;
2024-05-20 15:12:38;1716210774.601821;faceUp;-0.16669364273548126;0.10441455245018005;0.04550063982605934;
2024-05-20 15:12:38;1716210774.651401;faceUp;0.1539115309715271;-0.02298307977616787;0.02171861194074154;
2024-05-20 15:12:38;1716210774.701349;faceUp;-0.06139065697789192;-0.04910602793097496;0.023553529754281044;
2024-05-20 15:12:38;1716210774.751204;faceUp;-0.07918376475572586;-0.047989096492528915;0.029136313125491142;
2024-05-20 15:12:38;1716210774.801116;faceUp;0.07895313948392868;-0.07337221503257751;0.038478683680295944;
2024-05-20 15:12:38;1716210774.850995;faceUp;-0.034939609467983246;0.10383212566375732;0.05807528644800186;
2024-05-20 15:12:38;1716210774.9007668;faceUp;-0.04403563588857651;0.0675303041934967;0.02785719744861126;
2024-05-20 15:12:38;1716210774.9507232;faceUp;-0.057249173521995544;0.10810569673776627;0.07192372530698776;
2024-05-20 15:12:38;1716210775.000898;faceUp;-0.07032263278961182;0.09901206940412521;0.052741240710020065;
2024-05-20 15:12:38;1716210775.050822;faceUp;-0.23801948130130768;0.002685797866433859;0.055999886244535446;
2024-05-20 15:12:38;1716210775.100339;faceUp;-0.08656392246484756;0.1919100433588028;0.08220752328634262;
2024-05-20 15:12:38;1716210775.15025;faceUp;-0.1046915277838707;0.10779064893722534;0.06034190207719803;
2024-05-20 15:12:38;1716210775.2001681;faceUp;-0.0732923224568367;-0.08051881194114685;0.0420643612742424;
2024-05-20 15:12:38;1716210775.2499042;faceUp;0.02129623293876648;0.2429031878709793;0.05957038700580597;
2024-05-20 15:12:38;1716210775.2998772;faceUp;-0.035894617438316345;0.33340218663215637;0.029326729476451874;
2024-05-20 15:12:38;1716210775.349753;faceUp;-0.16926439106464386;0.07062410563230515;0.02448723278939724;
2024-05-20 15:12:38;1716210775.399512;faceUp;-0.00965555664151907;0.19911469519138336;0.026079004630446434;
2024-05-20 15:12:38;1716210775.449644;faceUp;0.007141532842069864;-0.0018282600212842226;0.0503033846616745;
2024-05-20 15:12:38;1716210775.499594;faceUp;0.02936374768614769;0.10924100130796432;0.03905792161822319;
2024-05-20 15:12:38;1716210775.5492392;faceUp;-0.022832611575722694;0.01937130093574524;0.04877978935837746;
2024-05-20 15:12:38;1716210775.599118;faceUp;-0.10277191549539566;-0.22784434258937836;0.08735727518796921;
2024-05-20 15:12:38;1716210775.649035;faceUp;-5.166532355360687e-05;0.025414280593395233;0.057423610240221024;
2024-05-20 15:12:38;1716210775.698905;faceUp;-0.09867118299007416;0.08265040814876556;0.06698409467935562;
2024-05-20 15:12:38;1716210775.748752;faceUp;-0.10074871778488159;0.16746462881565094;0.020494356751441956;
2024-05-20 15:12:38;1716210775.798578;faceUp;-0.049139317125082016;-0.06257522851228714;0.03759584575891495;
2024-05-20 15:12:38;1716210775.848415;faceUp;-0.037938062101602554;-0.13887906074523926;0.03963848948478699;
2024-05-20 15:12:38;1716210775.905108;faceUp;-0.07102863490581512;0.1596972495317459;0.07160840928554535;
2024-05-20 15:12:38;1716210775.948206;faceUp;-0.014607438817620277;0.06877586990594864;0.0586092509329319;
2024-05-20 15:12:38;1716210775.998083;faceUp;-0.17298296093940735;0.0007147924043238163;0.04222654923796654;
2024-05-20 15:12:38;1716210776.048028;faceUp;0.053526341915130615;-0.07469367980957031;0.0591655857861042;
2024-05-20 15:12:38;1716210776.0978951;faceUp;0.016107330098748207;-0.09824161231517792;0.051488492637872696;
2024-05-20 15:12:38;1716210776.1476789;faceUp;-0.2097841203212738;-0.10562123358249664;0.07329951226711273;
2024-05-20 15:12:38;1716210776.197572;faceUp;0.0005270395777188241;0.16325096786022186;0.05025651305913925;
2024-05-20 15:12:38;1716210776.247472;faceUp;-0.19947396218776703;0.09052643924951553;0.04127233847975731;
2024-05-20 15:12:38;1716210776.2975168;faceUp;-0.1297854334115982;0.10907455533742905;0.00740119069814682;
2024-05-20 15:12:38;1716210776.3471808;faceUp;-0.16379159688949585;0.08281179517507553;0.047388553619384766;
2024-05-20 15:12:38;1716210776.397081;faceUp;-0.12630601227283478;0.16840152442455292;0.050632815808057785;
2024-05-20 15:12:38;1716210776.4470181;faceUp;-0.18682074546813965;0.23273710906505585;0.057137057185173035;
2024-05-20 15:12:38;1716210776.496851;faceUp;-0.07553177326917648;-0.04237781837582588;0.05023840442299843;
2024-05-20 15:12:38;1716210776.5467;faceUp;-0.03472309187054634;-0.15759548544883728;0.07059134542942047;
2024-05-20 15:12:38;1716210776.5965571;faceUp;0.06955777108669281;-0.07973131537437439;0.06971090286970139;
2024-05-20 15:12:38;1716210776.6462522;faceUp;0.06121328845620155;0.10291546583175659;0.05904414504766464;
2024-05-20 15:12:38;1716210776.6963959;faceUp;0.03982863947749138;0.07568517327308655;0.05014066398143768;
2024-05-20 15:12:38;1716210776.7462358;faceUp;-0.02454422414302826;-0.03495531901717186;0.03791835531592369;
2024-05-20 15:12:38;1716210776.796222;faceUp;0.04176449030637741;0.10995819419622421;0.03616439551115036;
2024-05-20 15:12:38;1716210776.845862;faceUp;-0.023751934990286827;0.06589938700199127;0.0225596372038126;
2024-05-20 15:12:38;1716210776.8958778;faceUp;0.05084880068898201;0.1451425403356552;0.025849973782896996;
2024-05-20 15:12:38;1716210776.9457312;faceUp;0.03151345252990723;-0.15400634706020355;0.03587491065263748;
2024-05-20 15:12:38;1716210776.9956021;faceUp;0.051722582429647446;-0.1067834347486496;0.03777933493256569;
2024-05-20 15:12:38;1716210777.045284;faceUp;0.02165442891418934;-0.06232622638344765;0.028058266267180443;
2024-05-20 15:12:38;1716210777.095495;faceUp;-0.02226429246366024;0.04208194091916084;0.01894546113908291;
2024-05-20 15:12:38;1716210777.14518;faceUp;-0.10341640561819077;0.09401464462280273;0.02815254218876362;
2024-05-20 15:12:38;1716210777.195317;faceUp;-0.030178142711520195;-0.04694407433271408;0.03730103373527527;
2024-05-20 15:12:38;1716210777.2450042;faceUp;-0.05776316300034523;0.07678931951522827;0.007484281435608864;
2024-05-20 15:12:38;1716210777.294695;faceUp;-0.19162482023239136;0.04765700176358223;-0.00881106872111559;
2024-05-20 15:12:38;1716210777.344672;faceUp;-0.044377051293849945;0.005043760873377323;0.0224981177598238;
2024-05-20 15:12:38;1716210777.39463;faceUp;0.0027534421533346176;-0.15174825489521027;0.023781495168805122;
2024-05-20 15:12:38;1716210777.444561;faceUp;0.030416229739785194;-0.12745222449302673;0.03826696053147316;
2024-05-20 15:12:38;1716210777.494491;faceUp;0.1232103481888771;-0.07090932875871658;0.01841735653579235;
2024-05-20 15:12:38;1716210777.5442262;faceUp;0.016890300437808037;-0.0680011510848999;0.021698903292417526;
2024-05-20 15:12:38;1716210777.594111;faceUp;0.05849766358733177;-1.1984225238848012e-05;0.01679948717355728;
2024-05-20 15:12:38;1716210777.644124;faceUp;-0.01973588764667511;0.08115530759096146;0.020542027428746223;
2024-05-20 15:12:38;1716210777.6938639;faceUp;0.049072470515966415;0.09608738124370575;-0.0035478631034493446;
2024-05-20 15:12:38;1716210777.743682;faceUp;-0.20564131438732147;-0.09219996631145477;-0.011258513666689396;
2024-05-20 15:12:38;1716210777.793621;faceUp;-0.07335837185382843;-0.03346208482980728;0.0005608617211692035;
2024-05-20 15:12:38;1716210777.843394;faceUp;0.018379272893071175;-0.24552427232265472;0.008037686347961426;
2024-05-20 15:12:38;1716210777.8933191;faceUp;-0.08737192302942276;-0.03609062731266022;0.06825894862413406;
2024-05-20 15:12:38;1716210777.943407;faceUp;-0.07748173922300339;0.07664178311824799;0.04560024291276932;
2024-05-20 15:12:38;1716210777.993237;faceUp;-0.06779369711875916;0.058634284883737564;0.04421539977192879;
2024-05-20 15:12:38;1716210778.043447;faceUp;-0.029592780396342278;-0.09899449348449707;-0.046546995639801025;
2024-05-20 15:12:38;1716210778.093394;faceUp;-0.0384075753390789;0.03840597718954086;-0.013141634874045849;
2024-05-20 15:12:38;1716210778.143268;faceUp;0.1432594209909439;0.10763351619243622;0.03133555129170418;
2024-05-20 15:12:38;1716210778.193262;faceUp;0.022066153585910797;-0.06269187480211258;0.03081304021179676;
2024-05-20 15:12:38;1716210778.2433438;faceUp;-0.026280073449015617;-0.05518548935651779;-0.00890960544347763;
2024-05-20 15:12:38;1716210778.292355;faceUp;-0.011717642657458782;-0.0793992206454277;0.012909673154354095;
2024-05-20 15:12:38;1716210778.342187;faceUp;0.0011028150329366326;0.10936084389686584;0.0440465547144413;
2024-05-20 15:12:38;1716210778.3920941;faceUp;-0.11397583782672882;0.28487780690193176;0.013005280867218971;
2024-05-20 15:12:38;1716210778.442008;faceUp;-0.10738318413496017;0.017435183748602867;0.03176618367433548;
2024-05-20 15:12:38;1716210778.4921079;faceUp;0.05933309718966484;-0.16222912073135376;-0.0025981799699366093;
2024-05-20 15:12:38;1716210778.541638;faceUp;0.011151987127959728;-0.4610155522823334;0.021134845912456512;
2024-05-20 15:12:38;1716210778.591611;faceUp;0.20928451418876648;-0.2473386824131012;0.029210615903139114;
2024-05-20 15:12:38;1716210778.641306;faceUp;0.04488039016723633;0.047928109765052795;-0.012800483964383602;
2024-05-20 15:12:38;1716210778.691412;faceUp;0.07017748802900314;-0.101288802921772;0.005545766558498144;
2024-05-20 15:12:38;1716210778.7411342;faceUp;0.09520135074853897;-0.07210694998502731;-0.17332251369953156;
2024-05-20 15:12:38;1716210778.791173;faceUp;0.03693617880344391;-0.04904823750257492;-0.10605479776859283;
2024-05-20 15:12:38;1716210778.84098;faceUp;0.03389777988195419;-0.0800948366522789;0.013397564180195332;
2024-05-20 15:12:38;1716210778.8908901;faceUp;-0.02009807713329792;-0.04478584602475166;0.0345502533018589;
2024-05-20 15:12:38;1716210778.940672;faceUp;-0.030337398871779442;0.04730146750807762;0.057248376309871674;
2024-05-20 15:12:38;1716210778.9907641;faceUp;-0.03826030343770981;0.33609119057655334;0.051310326904058456;
2024-05-20 15:12:38;1716210779.04068;faceUp;-0.06525570154190063;0.23824664950370789;-0.01660081371665001;
2024-05-20 15:12:38;1716210779.090139;faceUp;-0.04993293806910515;0.02767317369580269;0.01236425805836916;
2024-05-20 15:12:38;1716210779.140233;faceUp;0.14376328885555267;0.0616828054189682;0.025719212368130684;
2024-05-20 15:12:38;1716210779.1900449;faceUp;0.08825449645519257;0.030769895762205124;0.01811881549656391;
2024-05-20 15:12:38;1716210779.2399879;faceUp;0.03457768261432648;-0.0642828494310379;-0.02605690062046051;
2024-05-20 15:12:38;1716210779.289866;faceUp;-0.09837503731250763;-0.24811792373657227;0.007935155183076859;
2024-05-20 15:12:38;1716210779.339767;faceUp;-0.024226775392889977;0.15655125677585602;0.035897813737392426;
2024-05-20 15:12:38;1716210779.3898091;faceUp;-0.06198693811893463;-0.06184259429574013;-0.002805640222504735;
2024-05-20 15:12:38;1716210779.439538;faceUp;-0.06342078745365143;-0.053280796855688095;0.0018658105982467532;
2024-05-20 15:12:38;1716210779.489346;faceUp;-0.07030079513788223;-0.032162196934223175;-0.03506584092974663;
2024-05-20 15:12:38;1716210779.5391312;faceUp;-0.11419182270765305;-0.019938021898269653;-0.013334181159734726;
2024-05-20 15:12:38;1716210779.589144;faceUp;0.1681421399116516;-0.09515394270420074;-0.04749401658773422;
2024-05-20 15:12:38;1716210779.638833;faceUp;-0.014649515971541405;-0.10408512502908707;-0.0031523837242275476;
2024-05-20 15:12:38;1716210779.6889381;faceUp;0.13681377470493317;-0.040882986038923264;-0.03452868387103081;
2024-05-20 15:12:38;1716210779.7387109;faceUp;-0.030361101031303406;-0.08236464858055115;0.009226787835359573;
2024-05-20 15:12:38;1716210779.7887769;faceUp;0.12567856907844543;0.029356824234128;-0.05450106039643288;
2024-05-20 15:12:38;1716210779.8384829;faceUp;-0.009495234116911888;0.0923704132437706;-0.018800053745508194;
2024-05-20 15:12:38;1716210779.888366;faceUp;0.04729481041431427;-0.12985360622406006;-0.06334888190031052;
2024-05-20 15:12:38;1716210779.938287;faceUp;-0.10665267705917358;-0.1406138390302658;-0.033600568771362305;
2024-05-20 15:12:38;1716210779.988103;faceUp;-0.05661667510867119;-0.0743836835026741;-0.02568991668522358;
2024-05-20 15:12:38;1716210780.0382361;faceUp;-0.05588483810424805;-0.10892275720834732;-0.025741050019860268;
2024-05-20 15:12:38;1716210780.087798;faceUp;-0.0009179916232824326;0.003623763332143426;-0.038189731538295746;
2024-05-20 15:12:38;1716210780.137737;faceUp;0.019666379317641258;0.11296702921390533;-0.0271914079785347;
2024-05-20 15:12:38;1716210780.187608;faceUp;-0.027522703632712364;0.060262542217969894;-0.03142450004816055;
2024-05-20 15:12:38;1716210780.2376819;faceUp;0.06376619637012482;0.13409468531608582;-0.057618822902441025;
2024-05-20 15:12:38;1716210780.287537;faceUp;-0.0008652610122226179;0.12196558713912964;-0.03105086088180542;
2024-05-20 15:12:38;1716210780.3372111;faceUp;-0.06410708278417587;0.23423220217227936;-0.04354747757315636;
2024-05-20 15:12:38;1716210780.3871331;faceUp;0.07578957080841064;0.09609217941761017;-0.05464140698313713;
2024-05-20 15:12:38;1716210780.436974;faceUp;0.04880908504128456;0.07320284098386765;-0.049856506288051605;
2024-05-20 15:12:38;1716210780.4870129;faceUp;0.09324312955141068;-0.09057703614234924;-0.06599153578281403;
2024-05-20 15:12:38;1716210780.5366821;faceUp;0.03750476613640785;-0.09303700178861618;-0.013000220991671085;
2024-05-20 15:12:38;1716210780.586565;faceUp;0.04975823685526848;0.08823824673891068;0.002981142606586218;
2024-05-20 15:12:38;1716210780.636317;faceUp;-0.044619664549827576;0.1352158784866333;0.00270683690905571;
2024-05-20 15:12:38;1716210780.6864839;faceUp;-0.043110184371471405;0.13110502064228058;-0.05787368491292;
2024-05-20 15:12:38;1716210780.7362509;faceUp;-0.12348465621471405;0.1607971340417862;-0.021195832639932632;
2024-05-20 15:12:38;1716210780.78614;faceUp;-0.0566992312669754;0.10845297574996948;-0.031297467648983;
2024-05-20 15:12:38;1716210780.835993;faceUp;-0.13858291506767273;0.01811562106013298;-0.03436223417520523;
2024-05-20 15:12:38;1716210780.885864;faceUp;-0.11485894024372101;0.0067599015310406685;-0.018504709005355835;
2024-05-20 15:12:38;1716210780.941468;faceUp;-0.03340216353535652;-0.15759842097759247;-0.050762247294187546;
2024-05-20 15:12:38;1716210780.985612;faceUp;-0.17824271321296692;-0.14255528151988983;0.011321630328893661;
2024-05-20 15:12:38;1716210781.035501;faceUp;-0.09296589344739914;-0.07164675742387772;-0.012030564248561859;
2024-05-20 15:12:38;1716210781.085513;faceUp;-0.048776060342788696;0.01420370303094387;-0.042149849236011505;
2024-05-20 15:12:38;1716210781.135425;faceUp;0.005319131538271904;0.05386536195874214;-0.01822454296052456;
2024-05-20 15:12:38;1716210781.18522;faceUp;0.041374072432518005;0.06686078757047653;-0.011063303798437119;
2024-05-20 15:12:38;1716210781.234911;faceUp;0.09583331644535065;0.15859337151050568;0.0024682176299393177;
2024-05-20 15:12:38;1716210781.2849069;faceUp;0.14146259427070618;0.17194220423698425;-0.03724750503897667;
2024-05-20 15:12:38;1716210781.334714;faceUp;0.05889048054814339;0.04374375194311142;-0.0010639328975230455;
2024-05-20 15:12:38;1716210781.384691;faceUp;0.143869549036026;0.05794479325413704;-0.01728151924908161;
2024-05-20 15:12:38;1716210781.4344912;faceUp;0.10332079231739044;0.144128680229187;0.00926140882074833;
2024-05-20 15:12:38;1716210781.4843879;faceUp;0.10204806923866272;-0.08632290363311768;-0.0054730623960494995;
2024-05-20 15:12:38;1716210781.5343971;faceUp;0.025535719469189644;0.07452856004238129;0.017461281269788742;
2024-05-20 15:12:38;1716210781.5842519;faceUp;0.07196792960166931;-0.07336795330047607;0.023238742724061012;
2024-05-20 15:12:38;1716210781.633867;faceUp;-0.06765946745872498;0.08116968721151352;-0.029712354764342308;
2024-05-20 15:12:38;1716210781.683922;faceUp;-0.05895306542515755;0.12059139460325241;-0.0006021407316438854;
2024-05-20 15:12:38;1716210781.7335749;faceUp;0.009009740315377712;0.014828747138381004;0.0049095372669398785;
2024-05-20 15:12:38;1716210781.7835732;faceUp;-0.10923807322978973;0.10552988946437836;0.011151720769703388;
2024-05-20 15:12:38;1716210781.833401;faceUp;0.06762911379337311;-0.07825113087892532;-0.017653562128543854;
2024-05-20 15:12:38;1716210781.883305;faceUp;-0.1303422898054123;-0.16873203217983246;0.017793644219636917;
2024-05-20 15:12:38;1716210781.9335232;faceUp;-0.019083412364125252;0.07918376475572586;-0.013343501836061478;
2024-05-20 15:12:38;1716210781.983242;faceUp;-0.20887891948223114;0.26752597093582153;0.03170759603381157;
2024-05-20 15:12:38;1716210782.03084;faceUp;-0.1292717009782791;0.2578293979167938;0.03810690715909004;
2024-05-20 15:12:38;1716210782.083322;faceUp;-0.2079116553068161;0.21455223858356476;0.014345915988087654;
2024-05-20 15:12:38;1716210782.13127;faceUp;-0.06757877767086029;0.17504744231700897;0.02076546661555767;
2024-05-20 15:12:38;1716210782.183991;faceUp;0.11435240507125854;-0.008294414728879929;0.0030740867368876934;
2024-05-20 15:12:38;1716210782.228579;faceUp;-0.010431335307657719;-0.12761229276657104;-0.0005004079430364072;
2024-05-20 15:12:38;1716210782.285394;faceUp;0.20543012022972107;-0.33908990025520325;-0.000592020689509809;
2024-05-20 15:12:38;1716210782.333683;faceUp;0.09857850521802902;-0.36147990822792053;0.008827313780784607;
2024-05-20 15:12:38;1716210782.383918;faceUp;0.0466868132352829;-0.12248197197914124;0.005257612559944391;
2024-05-20 15:12:38;1716210782.431365;faceUp;0.05270155891776085;-0.11413243412971497;0.002907373011112213;
2024-05-20 15:12:38;1716210782.481402;faceUp;-0.07111065834760666;0.15513792634010315;-0.0003094593121204525;
2024-05-20 15:12:38;1716210782.531137;faceUp;0.03350869193673134;-0.05402887985110283;-0.0019632822368294;
2024-05-20 15:12:38;1716210782.580934;faceUp;-0.054430484771728516;0.029136313125491142;-0.0037025928031653166;
2024-05-20 15:12:38;1716210782.6306581;faceUp;-0.038966841995716095;0.10772593319416046;0.01794145070016384;
2024-05-20 15:12:38;1716210782.6807709;faceUp;-0.05877223610877991;0.029879868030548096;0.06692603975534439;
2024-05-20 15:12:38;1716210782.7305799;faceUp;-0.08778604120016098;-0.01865757443010807;0.01272644754499197;
2024-05-20 15:12:38;1716210782.7804441;faceUp;-0.0717623382806778;0.12861309945583344;-0.0017952368361875415;
2024-05-20 15:12:38;1716210782.830328;faceUp;-0.09366630762815475;-0.25653377175331116;-0.03407914191484451;
2024-05-20 15:12:38;1716210782.880704;faceUp;-0.009951434098184109;-0.20631136000156403;0.015018098056316376;
2024-05-20 15:12:38;1716210782.930093;faceUp;0.0436667874455452;-0.3205154240131378;-0.011475561186671257;
2024-05-20 15:12:38;1716210782.9800029;faceUp;-0.07192638516426086;-0.17218215763568878;-0.007417169865220785;
2024-05-20 15:12:38;1716210783.029807;faceUp;0.19895464181900024;-0.020899955183267593;-0.017763551324605942;
2024-05-20 15:12:38;1716210783.0796251;faceUp;-0.043722979724407196;-0.22218912839889526;-0.02906387485563755;
2024-05-20 15:12:38;1716210783.131326;faceUp;0.2070048451423645;-0.12607377767562866;-0.008393485099077225;
2024-05-20 15:12:38;1716210783.179587;faceUp;0.06894045323133469;-0.11108390986919403;-0.010171410627663136;
2024-05-20 15:12:38;1716210783.229413;faceUp;0.08530477434396744;-0.21765616536140442;0.011425493285059929;
2024-05-20 15:12:38;1716210783.279265;faceUp;0.16521185636520386;-0.23512303829193115;-0.009950102306902409;
2024-05-20 15:12:38;1716210783.329354;faceUp;0.06359921395778656;-0.08873466402292252;0.0010330402292311192;
2024-05-20 15:12:38;1716210783.379046;faceUp;-0.16175055503845215;0.07863888889551163;-0.004230963997542858;
2024-05-20 15:12:38;1716210783.428865;faceUp;-0.13784734904766083;0.0889839380979538;-0.011681956239044666;
2024-05-20 15:12:38;1716210783.478829;faceUp;0.024816932156682014;-0.05615061894059181;0.008757805451750755;
2024-05-20 15:12:38;1716210783.5288281;faceUp;0.08529971539974213;-0.15756219625473022;0.03798013925552368;
2024-05-20 15:12:38;1716210783.581581;faceUp;0.030642597004771233;-0.2787994146347046;-0.034388333559036255;
2024-05-20 15:12:38;1716210783.628447;faceUp;0.13286776840686798;0.10797280818223953;0.033911895006895065;
2024-05-20 15:12:38;1716210783.678307;faceUp;0.06787731498479843;0.17158854007720947;-0.047996554523706436;
2024-05-20 15:12:38;1716210783.728164;faceUp;-0.03143222630023956;0.15840508043766022;-0.001740109408274293;
2024-05-20 15:12:38;1716210783.778212;faceUp;0.06816467642784119;0.07682207971811295;-0.03886643797159195;
2024-05-20 15:12:38;1716210783.827954;faceUp;-0.04909670725464821;0.05682013928890228;0.07850146293640137;
2024-05-20 15:12:38;1716210783.8778028;faceUp;0.004077832214534283;0.19821268320083618;0.017344368621706963;
2024-05-20 15:12:38;1716210783.927628;faceUp;-0.1751270741224289;0.08698709309101105;0.03435797244310379;
2024-05-20 15:12:38;1716210783.977648;faceUp;-0.07020412385463715;0.18318048119544983;-0.007444600574672222;
2024-05-20 15:12:38;1716210784.0273762;faceUp;-0.12722958624362946;-0.10075031220912933;0.019755860790610313;
2024-05-20 15:12:38;1716210784.077352;faceUp;-0.07539915293455124;0.12036582827568054;0.0143507095053792;
2024-05-20 15:12:38;1716210784.127071;faceUp;-0.041254494339227676;0.03810344263911247;0.021991318091750145;
2024-05-20 15:12:38;1716210784.177161;faceUp;-0.02978585846722126;0.2069965898990631;0.012546151876449585;
2024-05-20 15:12:38;1716210784.227076;faceUp;0.026142122223973274;0.05341688543558121;0.013132313266396523;
2024-05-20 15:12:38;1716210784.276839;faceUp;-0.0885426476597786;0.03621872514486313;0.018700184300541878;
2024-05-20 15:12:38;1716210784.326717;faceUp;-0.06690765917301178;-0.015252456068992615;0.014209295623004436;
2024-05-20 15:12:38;1716210784.3766022;faceUp;-0.013588246889412403;0.03491430729627609;0.04451873153448105;
2024-05-20 15:12:38;1716210784.426567;faceUp;-0.07431337982416153;0.16897836327552795;0.0024945829063653946;
2024-05-20 15:12:38;1716210784.476318;faceUp;-0.04198260232806206;0.005960420705378056;-0.0018410432385280728;
2024-05-20 15:12:38;1716210784.5261478;faceUp;0.07285183668136597;-0.22250710427761078;-0.01293470710515976;
2024-05-20 15:12:38;1716210784.576054;faceUp;-0.054724231362342834;0.09882830828428268;-0.019958527758717537;
2024-05-20 15:12:38;1716210784.629366;faceUp;0.04440661147236824;0.14546531438827515;-0.0023182816803455353;
2024-05-20 15:12:38;1716210784.676042;faceUp;-0.005739910993725061;0.019831495359539986;-0.017677797004580498;
2024-05-20 15:12:38;1716210784.725634;faceUp;0.11068789660930634;-0.17271637916564941;-0.03574228286743164;
2024-05-20 15:12:38;1716210784.77559;faceUp;0.09976121783256531;0.03502802550792694;-0.005092230159789324;
2024-05-20 15:12:38;1716210784.8254318;faceUp;0.04049016907811165;0.12908102571964264;0.017046894878149033;
2024-05-20 15:12:38;1716210784.875356;faceUp;0.02454608865082264;0.002883138135075569;0.02466566488146782;
2024-05-20 15:12:38;1716210784.9251971;faceUp;0.018736137077212334;-0.020769460126757622;0.02521667256951332;
2024-05-20 15:12:38;1716210784.9749532;faceUp;0.043239347636699677;0.14887575805187225;-0.008028632029891014;
2024-05-20 15:12:38;1716210785.024832;faceUp;-0.0010311759542673826;0.006521548610180616;0.014794392511248589;
2024-05-20 15:12:38;1716210785.075117;faceUp;-0.08357212692499161;0.037518613040447235;0.02623772993683815;
2024-05-20 15:12:38;1716210785.124881;faceUp;-0.07369845360517502;-0.03243410587310791;0.005073588341474533;
2024-05-20 15:12:38;1716210785.174761;faceUp;-0.054181747138500214;0.2109718918800354;0.0362970195710659;
2024-05-20 15:12:38;1716210785.224403;faceUp;-0.060375459492206573;0.05733146518468857;0.017115870490670204;
2024-05-20 15:12:38;1716210785.274353;faceUp;-0.13467206060886383;0.06805095821619034;0.013616742566227913;
2024-05-20 15:12:38;1716210785.324198;faceUp;0.007668039761483669;-0.15054848790168762;0.015362977050244808;
2024-05-20 15:12:38;1716210785.374094;faceUp;-0.015044462867081165;-0.24111993610858917;0.03422454744577408;
2024-05-20 15:12:38;1716210785.42389;faceUp;0.0828205794095993;-0.12066490203142166;0.0033771544694900513;
2024-05-20 15:12:38;1716210785.473814;faceUp;0.028185032308101654;-0.0856507197022438;0.01918940618634224;
2024-05-20 15:12:38;1716210785.523649;faceUp;0.10279615223407745;0.08113506436347961;0.02328135445713997;
2024-05-20 15:12:38;1716210785.573679;faceUp;0.03346395120024681;-0.13775093853473663;0.006244313903152943;
2024-05-20 15:12:38;1716210785.623286;faceUp;0.016171513125300407;0.010146643966436386;0.04098205268383026;
2024-05-20 15:12:38;1716210785.6732368;faceUp;-0.023986559361219406;0.095909483730793;0.058464642614126205;
2024-05-20 15:12:38;1716210785.7231321;faceUp;-0.026525350287556648;0.13243979215621948;0.03807015344500542;
2024-05-20 15:12:38;1716210785.773048;faceUp;-0.09277015179395676;-0.07655336707830429;0.06922434270381927;
2024-05-20 15:12:38;1716210785.823248;faceUp;-0.05555673688650131;-0.13518312573432922;0.02209092117846012;
2024-05-20 15:12:38;1716210785.8731918;faceUp;-0.03105591982603073;-0.014212758280336857;0.017831195145845413;
2024-05-20 15:12:38;1716210785.923372;faceUp;0.011274226009845734;-0.09339705854654312;0.02706863544881344;
2024-05-20 15:12:38;1716210785.978166;faceUp;0.05660335719585419;-0.12123215198516846;0.03526025265455246;
2024-05-20 15:12:38;1716210786.028177;faceUp;0.11731171607971191;-0.18566706776618958;0.037337519228458405;
2024-05-20 15:12:38;1716210786.074372;faceUp;0.03857322409749031;-0.14324717223644257;0.008588162250816822;
2024-05-20 15:12:38;1716210786.117918;faceUp;-0.056897103786468506;-0.07956140488386154;0.00905474741011858;
2024-05-20 15:12:38;1716210786.1740541;faceUp;0.00643819198012352;0.015899337828159332;0.008644088171422482;
2024-05-20 15:12:38;1716210786.2182798;faceUp;0.05101737752556801;-0.11061439663171768;-0.006719421595335007;
2024-05-20 15:12:38;1716210786.274179;faceUp;0.03014831431210041;-0.1080620214343071;0.03309004381299019;
2024-05-20 15:12:38;1716210786.323553;faceUp;-0.01648949459195137;-0.06865523010492325;0.0368453674018383;
2024-05-20 15:12:38;1716210786.369619;faceUp;0.04138126224279404;-0.13439695537090302;0.09881685674190521;
2024-05-20 15:12:38;1716210786.42003;faceUp;0.05553915724158287;-0.11211349070072174;0.024687236174941063;
2024-05-20 15:12:38;1716210786.469754;faceUp;-0.003421096596866846;0.07737415283918381;0.0383380688726902;
2024-05-20 15:12:38;1716210786.519597;faceUp;0.021530592814087868;0.1855168640613556;0.022589199244976044;
2024-05-20 15:12:38;1716210786.569631;faceUp;-0.03867468982934952;0.29240497946739197;0.007506119552999735;
2024-05-20 15:12:38;1716210786.619304;faceUp;-0.05868914723396301;0.21666227281093597;-0.01866130158305168;
2024-05-20 15:12:38;1716210786.6692681;faceUp;-0.12707006931304932;0.14546239376068115;-0.007559915538877249;
2024-05-20 15:12:38;1716210786.719058;faceUp;-0.04085022583603859;-0.22469834983348846;0.006691724993288517;
2024-05-20 15:12:38;1716210786.769023;faceUp;-0.052862148731946945;-0.19940897822380066;0.013621536083519459;
2024-05-20 15:12:38;1716210786.818826;faceUp;-0.028733111917972565;-0.31391850113868713;0.019589679315686226;
2024-05-20 15:12:38;1716210786.86865;faceUp;-0.01528787612915039;-0.2296222746372223;0.04007258638739586;
2024-05-20 15:12:38;1716210786.918532;faceUp;0.06059090793132782;-0.1586303859949112;0.0062158177606761456;
2024-05-20 15:12:38;1716210786.968625;faceUp;0.08588241785764694;-0.12521517276763916;0.022370819002389908;
2024-05-20 15:12:38;1716210787.018488;faceUp;0.09310650825500488;-0.040708813816308975;-0.007376956287771463;
2024-05-20 15:12:38;1716210787.0681539;faceUp;0.04507559910416603;-0.06430947780609131;0.004143878817558289;
2024-05-20 15:12:38;1716210787.118119;faceUp;0.06631004810333252;-0.022762836888432503;0.019664514809846878;
2024-05-20 15:12:38;1716210787.167928;faceUp;0.014583736658096313;-0.03766002878546715;0.04056500270962715;
2024-05-20 15:12:38;1716210787.21783;faceUp;-0.047379232943058014;-0.020195549353957176;0.02526434324681759;
2024-05-20 15:12:38;1716210787.2678041;faceUp;0.014123009517788887;-0.022952986881136894;0.023665647953748703;
2024-05-20 15:12:38;1716210787.317559;faceUp;-0.2280707210302353;-0.07567612081766129;0.03460538014769554;
